doctor_id,firstname,lastname,specialization,experience,contact_info
1321,Berta,Lumbard,disinfectionist,Berta.Lumbard@gmail.com,Berta.Lumbard@yopmail.com
1322,Vevay,Sheng,epidemiologist,Vevay.Sheng@gmail.com,Vevay.Sheng@yopmail.com
1323,Corly,Jerold,radiologist,Corly.Jerold@gmail.com,Corly.Jerold@yopmail.com
1324,Nita,Lea,cardiologist,Nita.Lea@gmail.com,Nita.Lea@yopmail.com
1325,Briney,Callista,allergist,Briney.Callista@gmail.com,Briney.Callista@yopmail.com
1326,Amii,Posner,obstetrician-gynecologist,Amii.Posner@gmail.com,Amii.Posner@yopmail.com
1327,Lily,Ahab,ophthalmologist,Lily.Ahab@gmail.com,Lily.Ahab@yopmail.com
1328,Gianina,Gregrory,infectious disease physician,Gianina.Gregrory@gmail.com,Gianina.Gregrory@yopmail.com
1329,Lauryn,Hedve,,Lauryn.Hedve@gmail.com,Lauryn.Hedve@yopmail.com
1330,Annora,Marden,allergist,Annora.Marden@gmail.com,Annora.Marden@yopmail.com
1331,Yvonne,Martguerita,otolaryngologist,Yvonne.Martguerita@gmail.com,Yvonne.Martguerita@yopmail.com
1332,Rhea,Bord,paramedic,Rhea.Bord@gmail.com,Rhea.Bord@yopmail.com
1333,Brena,Lymann,surgeon,Brena.Lymann@gmail.com,Brena.Lymann@yopmail.com
1334,Shannah,Destinee,allergist,Shannah.Destinee@gmail.com,Shannah.Destinee@yopmail.com
1335,Rayna,Othilia,traumatologist-orthopedist,Rayna.Othilia@gmail.com,Rayna.Othilia@yopmail.com
1336,Thalia,Paine,allergist,Thalia.Paine@gmail.com,Thalia.Paine@yopmail.com
1337,Vivia,Ramona,emergency physician,Vivia.Ramona@gmail.com,Vivia.Ramona@yopmail.com
1338,Jasmina,Seligman,ophthalmologist,Jasmina.Seligman@gmail.com,Jasmina.Seligman@yopmail.com
1339,Elyssa,Ummersen,epidemiologist,Elyssa.Ummersen@gmail.com,Elyssa.Ummersen@yopmail.com
1340,Alejandra,Oneida,pharmacist,Alejandra.Oneida@gmail.com,Alejandra.Oneida@yopmail.com
1341,Donetta,Percy,toxicologist,Donetta.Percy@gmail.com,Donetta.Percy@yopmail.com
1342,Flo,Wareing,toxicologist,Flo.Wareing@gmail.com,Flo.Wareing@yopmail.com
1343,Jean,Adlare,pharmacist,Jean.Adlare@gmail.com,Jean.Adlare@yopmail.com
1344,Marcelline,Anselmi,family doctor or general practitioner,Marcelline.Anselmi@gmail.com,Marcelline.Anselmi@yopmail.com
1345,Glynnis,Astra,psychiatrist,Glynnis.Astra@gmail.com,Glynnis.Astra@yopmail.com
1346,Chere,Breed,epidemiologist,Chere.Breed@gmail.com,Chere.Breed@yopmail.com
1347,Brandise,Riordan,sanitary doctor,Brandise.Riordan@gmail.com,Brandise.Riordan@yopmail.com
1348,Courtnay,Diann,nurse,Courtnay.Diann@gmail.com,Courtnay.Diann@yopmail.com
1349,Chickie,Linskey,anesthesiologist-resuscitator,Chickie.Linskey@gmail.com,Chickie.Linskey@yopmail.com
1350,Sindee,Parsaye,obstetrician-gynecologist,Sindee.Parsaye@gmail.com,Sindee.Parsaye@yopmail.com
1351,Elbertina,Audly,otolaryngologist,Elbertina.Audly@gmail.com,Elbertina.Audly@yopmail.com
1352,Benita,Si,urologist,Benita.Si@gmail.com,Benita.Si@yopmail.com
1353,Elise,Donell,nurse,Elise.Donell@gmail.com,Elise.Donell@yopmail.com
1354,Cherrita,Jarib,allergist,Cherrita.Jarib@gmail.com,Cherrita.Jarib@yopmail.com
1355,Cecile,Silvan,,Cecile.Silvan@gmail.com,Cecile.Silvan@yopmail.com
1356,Kimmy,Karna,pulmonologist,Kimmy.Karna@gmail.com,Kimmy.Karna@yopmail.com
1357,Veda,Chinua,paramedic,Veda.Chinua@gmail.com,Veda.Chinua@yopmail.com
1358,Katleen,Hedve,nurse,Katleen.Hedve@gmail.com,Katleen.Hedve@yopmail.com
1359,Adriana,Halsey,emergency physician,Adriana.Halsey@gmail.com,Adriana.Halsey@yopmail.com
1360,Abbie,Blisse,narcologist,Abbie.Blisse@gmail.com,Abbie.Blisse@yopmail.com
1361,Almeta,Iiette,obstetrician-gynecologist,Almeta.Iiette@gmail.com,Almeta.Iiette@yopmail.com
1362,Dianemarie,Jess,urologist,Dianemarie.Jess@gmail.com,Dianemarie.Jess@yopmail.com
1363,Rosaline,Hebner,narcologist,Rosaline.Hebner@gmail.com,Rosaline.Hebner@yopmail.com
1364,Sissy,Jary,emergency physician,Sissy.Jary@gmail.com,Sissy.Jary@yopmail.com
1365,Lucy,Rese,pharmacist,Lucy.Rese@gmail.com,Lucy.Rese@yopmail.com
1366,Pollyanna,Bouchard,paramedic,Pollyanna.Bouchard@gmail.com,Pollyanna.Bouchard@yopmail.com
1367,Steffane,Seessel,urologist,Steffane.Seessel@gmail.com,Steffane.Seessel@yopmail.com
1368,Chloris,Colyer,,Chloris.Colyer@gmail.com,Chloris.Colyer@yopmail.com
1369,Shaylyn,Hathaway,radiologist,Shaylyn.Hathaway@gmail.com,Shaylyn.Hathaway@yopmail.com
1370,Verla,Lytton,forensic doctor,Verla.Lytton@gmail.com,Verla.Lytton@yopmail.com